{
	"schemaVersion": 1,
	"id": "lazyy-client",
	"version": "${version}",
	"name": "Lazyy Client",
	"description": "This is an example description! Tell everyone what your mod is about!",
	"authors": [
		"Me!"
	],
	"contact": {
		"homepage": "https://fabricmc.net/",
		"sources": "https://github.com/FabricMC/fabric-example-mod"
	},
	"license": "CC0-1.0",
	"icon": "assets/lazyy-client/icon.png",
	"environment": "*",
	"entrypoints": {
		"main": [
			"com.lazyy.client.LazyyClient"
		]
	},
	"mixins": [
		"lazyy-client.mixins.json"
	],
	"depends": {
		"fabricloader": ">=0.18.4",
		"minecraft": "~1.21.4",
		"java": ">=21",
		"fabric-api": "*"
	}
}